{"cameraMode":{"drawMode":0,"name":"Shaded","section":"Shading Mode"},"sceneLighting":true,"audioPlay":false,"sceneViewState":{"showFog":true,"showMaterialUpdate":true,"showSkybox":true,"showFlares":true,"showImageEffects":true,"showParticleSystems":true},"in2DMode":false,"pivot":{"x":453.99627685546877,"y":432.00860595703127,"z":98.541259765625},"rotation":{"x":0.02192857302725315,"y":-0.023284433409571649,"z":0.0005139436107128859,"w":0.9994882345199585},"size":826.2596435546875,"orthographic":false}