{"cameraMode":{"drawMode":0,"name":"Shaded","section":"Shading Mode"},"sceneLighting":true,"audioPlay":false,"sceneViewState":{"showFog":true,"showMaterialUpdate":true,"showSkybox":true,"showFlares":true,"showImageEffects":true,"showParticleSystems":true},"in2DMode":false,"pivot":{"x":334.22430419921877,"y":327.6321105957031,"z":31.400634765625},"rotation":{"x":-0.0020639016292989256,"y":0.0022078650072216989,"z":0.000007657369678781833,"w":0.9999954700469971},"size":548.426025390625,"orthographic":false}