{"cameraMode":{"drawMode":0,"name":"Shaded","section":"Shading Mode"},"sceneLighting":true,"audioPlay":false,"sceneViewState":{"showFog":true,"showMaterialUpdate":true,"showSkybox":true,"showFlares":true,"showImageEffects":true,"showParticleSystems":true},"in2DMode":false,"pivot":{"x":-32.31830596923828,"y":-3.861461639404297,"z":-16.386722564697267},"rotation":{"x":0.27698320150375368,"y":0.4998665153980255,"z":-0.17257554829120637,"w":0.8022664785385132},"size":61.97898483276367,"orthographic":false}