{"cameraMode":{"drawMode":0,"name":"Shaded","section":"Shading Mode"},"sceneLighting":true,"audioPlay":false,"sceneViewState":{"showFog":true,"showMaterialUpdate":true,"showSkybox":true,"showFlares":true,"showImageEffects":true,"showParticleSystems":true},"in2DMode":false,"pivot":{"x":-59.756805419921878,"y":23.502498626708986,"z":-74.42863464355469},"rotation":{"x":-0.27204781770706179,"y":-0.4147389233112335,"z":0.13144952058792115,"w":-0.858313798904419},"size":20.47271728515625,"orthographic":false}