{"cameraMode":{"drawMode":0,"name":"Shaded","section":"Shading Mode"},"sceneLighting":false,"audioPlay":false,"sceneViewState":{"showFog":true,"showMaterialUpdate":false,"showSkybox":true,"showFlares":true,"showImageEffects":true,"showParticleSystems":true},"in2DMode":false,"pivot":{"x":-21.413713455200197,"y":4.1423821449279789,"z":17.492456436157228},"rotation":{"x":-0.08748524636030197,"y":-0.3339141309261322,"z":0.0311492457985878,"w":-0.9380179047584534},"size":46.56013107299805,"orthographic":true}