{"cameraMode":{"drawMode":0,"name":"Shaded","section":"Shading Mode"},"sceneLighting":true,"audioPlay":false,"sceneViewState":{"showFog":true,"showMaterialUpdate":true,"showSkybox":true,"showFlares":true,"showImageEffects":true,"showParticleSystems":true},"in2DMode":false,"pivot":{"x":-17.918563842773439,"y":20.574077606201173,"z":22.168180465698243},"rotation":{"x":-0.047727301716804507,"y":0.7052303552627564,"z":-0.047693658620119098,"w":-0.7057603001594544},"size":22.134740829467775,"orthographic":false}