{"cameraMode":{"drawMode":0,"name":"Shaded","section":"Shading Mode"},"sceneLighting":false,"audioPlay":false,"sceneViewState":{"showFog":true,"showMaterialUpdate":true,"showSkybox":true,"showFlares":true,"showImageEffects":true,"showParticleSystems":true},"in2DMode":false,"pivot":{"x":-17.09000015258789,"y":1.9909621477127076,"z":-2.8600001335144045},"rotation":{"x":0.12692968547344209,"y":-0.8409439325332642,"z":0.22434712946414948,"w":0.4757841229438782},"size":14.710960388183594,"orthographic":false}