{"cameraMode":{"drawMode":0,"name":"Shaded","section":"Shading Mode"},"sceneLighting":true,"audioPlay":false,"sceneViewState":{"showFog":true,"showMaterialUpdate":true,"showSkybox":true,"showFlares":true,"showImageEffects":true,"showParticleSystems":true},"in2DMode":false,"pivot":{"x":-135.7449951171875,"y":7.259035110473633,"z":-56.198265075683597},"rotation":{"x":0.24986885488033296,"y":0.37315595149993899,"z":-0.10508401691913605,"w":0.8872866630554199},"size":37.85765838623047,"orthographic":false}