{"cameraMode":{"drawMode":0,"name":"Shaded","section":"Shading Mode"},"sceneLighting":true,"audioPlay":false,"sceneViewState":{"showFog":true,"showMaterialUpdate":true,"showSkybox":true,"showFlares":true,"showImageEffects":true,"showParticleSystems":true},"in2DMode":false,"pivot":{"x":37.3381233215332,"y":115.02677917480469,"z":35.03840637207031},"rotation":{"x":0.4872902035713196,"y":-0.2417752742767334,"z":-0.14246338605880738,"w":-0.8269203305244446},"size":123.9818115234375,"orthographic":false}