{"cameraMode":{"drawMode":0,"name":"Shaded","section":"Shading Mode"},"sceneLighting":true,"audioPlay":false,"sceneViewState":{"showFog":true,"showMaterialUpdate":true,"showSkybox":true,"showFlares":true,"showImageEffects":true,"showParticleSystems":true},"in2DMode":false,"pivot":{"x":-28.499080657958986,"y":5.264090538024902,"z":-54.449920654296878},"rotation":{"x":-0.08914157003164292,"y":0.6628281474113464,"z":-0.07994070649147034,"w":-0.7391360998153687},"size":1.3348686695098878,"orthographic":false}