{"cameraMode":{"drawMode":0,"name":"Shaded","section":"Shading Mode"},"sceneLighting":true,"audioPlay":false,"sceneViewState":{"showFog":true,"showMaterialUpdate":true,"showSkybox":true,"showFlares":true,"showImageEffects":true,"showParticleSystems":true},"in2DMode":false,"pivot":{"x":-9.521269798278809,"y":16.44350814819336,"z":-10.594048500061036},"rotation":{"x":0.2723830044269562,"y":0.1286526769399643,"z":-0.03677370026707649,"w":0.9528397917747498},"size":3.432309627532959,"orthographic":false}