{"cameraMode":{"drawMode":0,"name":"Shaded","section":"Shading Mode"},"sceneLighting":true,"audioPlay":false,"sceneViewState":{"showFog":true,"showMaterialUpdate":true,"showSkybox":true,"showFlares":true,"showImageEffects":true,"showParticleSystems":true},"in2DMode":false,"pivot":{"x":14.764747619628907,"y":44.86378479003906,"z":23.64372444152832},"rotation":{"x":0.09756176173686981,"y":-0.8980084657669067,"z":0.3466949760913849,"w":0.25271567702293398},"size":8.133503913879395,"orthographic":false}