{"cameraMode":{"drawMode":0,"name":"Shaded","section":"Shading Mode"},"sceneLighting":true,"audioPlay":false,"sceneViewState":{"showFog":true,"showMaterialUpdate":true,"showSkybox":true,"showFlares":true,"showImageEffects":true,"showParticleSystems":true},"in2DMode":false,"pivot":{"x":-80.66812896728516,"y":34.15603256225586,"z":-72.06491088867188},"rotation":{"x":0.13709351420402528,"y":0.3220229744911194,"z":-0.04718785360455513,"w":0.9355639815330505},"size":8.19081974029541,"orthographic":false}