{"cameraMode":{"drawMode":0,"name":"Shaded","section":"Shading Mode"},"sceneLighting":false,"audioPlay":false,"sceneViewState":{"showFog":true,"showMaterialUpdate":true,"showSkybox":true,"showFlares":true,"showImageEffects":true,"showParticleSystems":true},"in2DMode":false,"pivot":{"x":8.532130241394043,"y":-0.23890969157218934,"z":-44.724666595458987},"rotation":{"x":-0.1396230310201645,"y":-0.2988891005516052,"z":0.04426463693380356,"w":-0.9429801106452942},"size":3.461989402770996,"orthographic":false}