{"cameraMode":{"drawMode":0,"name":"Shaded","section":"Shading Mode"},"sceneLighting":true,"audioPlay":false,"sceneViewState":{"showFog":true,"showMaterialUpdate":true,"showSkybox":true,"showFlares":true,"showImageEffects":true,"showParticleSystems":true},"in2DMode":false,"pivot":{"x":403.5573425292969,"y":332.333984375,"z":7.988525390625},"rotation":{"x":0.02192857302725315,"y":-0.023284433409571649,"z":0.0005139436107128859,"w":0.9994882345199585},"size":603.8740234375,"orthographic":false}