{"cameraMode":{"drawMode":0,"name":"Shaded","section":"Shading Mode"},"sceneLighting":true,"audioPlay":false,"sceneViewState":{"showFog":true,"showMaterialUpdate":true,"showSkybox":true,"showFlares":true,"showImageEffects":true,"showParticleSystems":true},"in2DMode":false,"pivot":{"x":-118.17771911621094,"y":25.856340408325197,"z":-68.29792022705078},"rotation":{"x":0.43889370560646059,"y":0.3996749520301819,"z":-0.2272123545408249,"w":0.772014856338501},"size":5.578763961791992,"orthographic":false}