{"cameraMode":{"drawMode":0,"name":"Shaded","section":"Shading Mode"},"sceneLighting":true,"audioPlay":false,"sceneViewState":{"showFog":true,"showMaterialUpdate":true,"showSkybox":true,"showFlares":true,"showImageEffects":true,"showParticleSystems":true},"in2DMode":false,"pivot":{"x":-95.52808380126953,"y":2.394606590270996,"z":-51.08313751220703},"rotation":{"x":-0.23750416934490205,"y":-0.42604729533195498,"z":0.11696334928274155,"w":-0.8650983572006226},"size":52.701683044433597,"orthographic":false}