{"cameraMode":{"drawMode":0,"name":"Shaded","section":"Shading Mode"},"sceneLighting":true,"audioPlay":false,"sceneViewState":{"showFog":true,"showMaterialUpdate":true,"showSkybox":true,"showFlares":true,"showImageEffects":true,"showParticleSystems":true},"in2DMode":false,"pivot":{"x":-96.07566833496094,"y":11.750003814697266,"z":-82.7667007446289},"rotation":{"x":-0.04291967302560806,"y":0.7303901314735413,"z":-0.04609428346157074,"w":-0.6801202893257141},"size":7.929365158081055,"orthographic":false}