{"cameraMode":{"drawMode":0,"name":"Shaded","section":"Shading Mode"},"sceneLighting":true,"audioPlay":false,"sceneViewState":{"showFog":true,"showMaterialUpdate":true,"showSkybox":true,"showFlares":true,"showImageEffects":true,"showParticleSystems":true},"in2DMode":false,"pivot":{"x":223.37387084960938,"y":234.2220001220703,"z":27.220306396484376},"rotation":{"x":0.27042248845100405,"y":-0.06743493676185608,"z":0.018993617966771127,"w":0.9601892828941345},"size":648.3064575195313,"orthographic":false}