{"cameraMode":{"drawMode":0,"name":"Shaded","section":"Shading Mode"},"sceneLighting":true,"audioPlay":false,"sceneViewState":{"showFog":true,"showMaterialUpdate":true,"showSkybox":true,"showFlares":true,"showImageEffects":true,"showParticleSystems":true},"in2DMode":false,"pivot":{"x":14.693914413452149,"y":3.023270845413208,"z":-10.894845008850098},"rotation":{"x":0.039141081273555759,"y":0.9255838990211487,"z":-0.09978945553302765,"w":0.3630490303039551},"size":6.457885265350342,"orthographic":false}