{"cameraMode":{"drawMode":0,"name":"Shaded","section":"Shading Mode"},"sceneLighting":true,"audioPlay":false,"sceneViewState":{"showFog":true,"showMaterialUpdate":true,"showSkybox":true,"showFlares":true,"showImageEffects":true,"showParticleSystems":true},"in2DMode":false,"pivot":{"x":-119.09062194824219,"y":15.710692405700684,"z":-60.764381408691409},"rotation":{"x":0.1944236308336258,"y":-0.050778068602085116,"z":0.010081731714308262,"w":0.9795506000518799},"size":24.407014846801759,"orthographic":false}