{"cameraMode":{"drawMode":0,"name":"Shaded","section":"Shading Mode"},"sceneLighting":true,"audioPlay":false,"sceneViewState":{"showFog":true,"showMaterialUpdate":true,"showSkybox":true,"showFlares":true,"showImageEffects":true,"showParticleSystems":true},"in2DMode":false,"pivot":{"x":436.982177734375,"y":252.13546752929688,"z":54.49639892578125},"rotation":{"x":0.026995645835995675,"y":-0.00899660587310791,"z":0.00024296663468703628,"w":0.999595046043396},"size":1016.5574951171875,"orthographic":false}