{"cameraMode":{"drawMode":0,"name":"Shaded","section":"Shading Mode"},"sceneLighting":true,"audioPlay":false,"sceneViewState":{"showFog":true,"showMaterialUpdate":true,"showSkybox":true,"showFlares":true,"showImageEffects":true,"showParticleSystems":true},"in2DMode":false,"pivot":{"x":-180.2097930908203,"y":-13.118752479553223,"z":-0.43736863136291506},"rotation":{"x":-0.19106698036193849,"y":0.22183296084403993,"z":-0.04437801614403725,"w":-0.9551513195037842},"size":89.55133819580078,"orthographic":false}