{"cameraMode":{"drawMode":0,"name":"Shaded","section":"Shading Mode"},"sceneLighting":true,"audioPlay":false,"sceneViewState":{"showFog":true,"showMaterialUpdate":true,"showSkybox":true,"showFlares":true,"showImageEffects":true,"showParticleSystems":true},"in2DMode":false,"pivot":{"x":46.818458557128909,"y":-76.5540771484375,"z":-14.020401000976563},"rotation":{"x":0.24060051143169404,"y":0.641576886177063,"z":-0.22258134186267854,"w":0.6935041546821594},"size":161.98284912109376,"orthographic":false}