{"cameraMode":{"drawMode":0,"name":"Shaded","section":"Shading Mode"},"sceneLighting":false,"audioPlay":false,"sceneViewState":{"showFog":true,"showMaterialUpdate":false,"showSkybox":true,"showFlares":true,"showImageEffects":true,"showParticleSystems":true},"in2DMode":false,"pivot":{"x":-4.770427703857422,"y":4.022178649902344,"z":-4.472867488861084},"rotation":{"x":-0.08748524636030197,"y":-0.3339141309261322,"z":0.0311492457985878,"w":-0.9380179047584534},"size":36.97370529174805,"orthographic":true}