{"cameraMode":{"drawMode":0,"name":"Shaded","section":"Shading Mode"},"sceneLighting":true,"audioPlay":false,"sceneViewState":{"showFog":true,"showMaterialUpdate":true,"showSkybox":true,"showFlares":true,"showImageEffects":true,"showParticleSystems":true},"in2DMode":false,"pivot":{"x":-219.02854919433595,"y":1.0490684509277344,"z":-75.63960266113281},"rotation":{"x":-0.08914157003164292,"y":0.6628281474113464,"z":-0.07994070649147034,"w":-0.7391360998153687},"size":87.94247436523438,"orthographic":false}