{"cameraMode":{"drawMode":0,"name":"Shaded","section":"Shading Mode"},"sceneLighting":true,"audioPlay":false,"sceneViewState":{"showFog":true,"showMaterialUpdate":true,"showSkybox":true,"showFlares":true,"showImageEffects":true,"showParticleSystems":true},"in2DMode":false,"pivot":{"x":-130.79200744628907,"y":15.197853088378907,"z":-63.2117919921875},"rotation":{"x":-0.39940598607063296,"y":0.09889141470193863,"z":-0.043388646095991138,"w":-0.9103915691375732},"size":49.64743423461914,"orthographic":false}