{"cameraMode":{"drawMode":0,"name":"Shaded","section":"Shading Mode"},"sceneLighting":true,"audioPlay":false,"sceneViewState":{"showFog":true,"showMaterialUpdate":true,"showSkybox":true,"showFlares":true,"showImageEffects":true,"showParticleSystems":true},"in2DMode":false,"pivot":{"x":-178.68345642089845,"y":13.054483413696289,"z":-81.8046875},"rotation":{"x":-0.08914157003164292,"y":0.6628281474113464,"z":-0.07994070649147034,"w":-0.7391360998153687},"size":42.1591911315918,"orthographic":false}