{"cameraMode":{"drawMode":0,"name":"Shaded","section":"Shading Mode"},"sceneLighting":true,"audioPlay":false,"sceneViewState":{"showFog":true,"showMaterialUpdate":true,"showSkybox":true,"showFlares":true,"showImageEffects":true,"showParticleSystems":true},"in2DMode":false,"pivot":{"x":-142.72669982910157,"y":12.007225036621094,"z":-108.45382690429688},"rotation":{"x":0.3975759446620941,"y":-0.07765576243400574,"z":0.03379535675048828,"w":0.9136524796485901},"size":22.459796905517579,"orthographic":false}