{"cameraMode":{"drawMode":0,"name":"Shaded","section":"Shading Mode"},"sceneLighting":true,"audioPlay":false,"sceneViewState":{"showFog":true,"showMaterialUpdate":true,"showSkybox":true,"showFlares":true,"showImageEffects":true,"showParticleSystems":true},"in2DMode":false,"pivot":{"x":-215.49359130859376,"y":32.73291015625,"z":-114.38855743408203},"rotation":{"x":0.4107379615306854,"y":-0.2728637456893921,"z":0.13029690086841584,"w":0.8601526021957398},"size":102.77120971679688,"orthographic":false}