{"cameraMode":{"drawMode":0,"name":"Shaded","section":"Shading Mode"},"sceneLighting":true,"audioPlay":false,"sceneViewState":{"showFog":true,"showMaterialUpdate":true,"showSkybox":true,"showFlares":true,"showImageEffects":true,"showParticleSystems":true},"in2DMode":false,"pivot":{"x":-111.35844421386719,"y":19.29999351501465,"z":-85.76171112060547},"rotation":{"x":0.11245811730623245,"y":-0.8706887364387512,"z":0.4173990488052368,"w":0.23458950221538545},"size":28.881927490234376,"orthographic":false}