{"cameraMode":{"drawMode":0,"name":"Shaded","section":"Shading Mode"},"sceneLighting":true,"audioPlay":false,"sceneViewState":{"showFog":true,"showMaterialUpdate":true,"showSkybox":true,"showFlares":true,"showImageEffects":true,"showParticleSystems":true},"in2DMode":false,"pivot":{"x":-93.80532836914063,"y":6.964746475219727,"z":-69.96692657470703},"rotation":{"x":0.22034479677677155,"y":0.6135377287864685,"z":-0.18375621736049653,"w":0.7356992363929749},"size":34.929420471191409,"orthographic":false}