{"cameraMode":{"drawMode":0,"name":"Shaded","section":"Shading Mode"},"sceneLighting":true,"audioPlay":false,"sceneViewState":{"showFog":true,"showMaterialUpdate":true,"showSkybox":true,"showFlares":true,"showImageEffects":true,"showParticleSystems":true},"in2DMode":false,"pivot":{"x":-75.00971221923828,"y":1.0169376134872437,"z":-63.04301071166992},"rotation":{"x":0.3214917778968811,"y":-0.5746059417724609,"z":0.2617897391319275,"w":0.7056467533111572},"size":109.09906768798828,"orthographic":false}