{"cameraMode":{"drawMode":0,"name":"Shaded","section":"Shading Mode"},"sceneLighting":true,"audioPlay":false,"sceneViewState":{"showFog":true,"showMaterialUpdate":true,"showSkybox":true,"showFlares":true,"showImageEffects":true,"showParticleSystems":true},"in2DMode":false,"pivot":{"x":-98.03042602539063,"y":17.339473724365236,"z":-62.4733772277832},"rotation":{"x":0.414324015378952,"y":0.033038947731256488,"z":-0.015052810311317444,"w":0.9094050526618958},"size":20.447397232055665,"orthographic":false}